{
  "project_info": {
    "project_number": "832068144335",
    "firebase_url": "https://kisanapp-118da.firebaseio.com",
    "project_id": "kisanapp-118da",
    "storage_bucket": "kisanapp-118da.appspot.com"
  },
  "client": [
    {
      "client_info": {
        "mobilesdk_app_id": "1:832068144335:android:6e032ba00d874d768a7bba",
        "android_client_info": {
          "package_name": "app.com"
        }
      },
      "oauth_client": [
        {
          "client_id": "832068144335-eac75ddubf3a1ed1ooungfh8anbdn298.apps.googleusercontent.com",
          "client_type": 3
        }
      ],
      "api_key": [
        {
          "current_key": "AIzaSyARnR_7teNSXZcVpMzJHzElgN3EBBr2Gzc"
        }
      ],
      "services": {
        "appinvite_service": {
          "other_platform_oauth_client": [
            {
              "client_id": "832068144335-eac75ddubf3a1ed1ooungfh8anbdn298.apps.googleusercontent.com",
              "client_type": 3
            }
          ]
        }
      }
    }
  ],
  "configuration_version": "1"
}